id_feu,siniestro_fecha,siniestro_hora,provincia,id_provincia,departamento,id_departamento,localidad,zona_ocurrencia,via_publica,nombre_via,altura_km,entre_calle_1,entre_calle_2,latitud,longitud,ilesos,heridos,fallecidos,vehiculos,peatones,tipo_siniestro_multiple,tipo_siniestro_unico,despiste_previo,tipo_siniestro_otro,tipo_colision,cantidad_de_involucrados,trazado_via,configuracion_de_la_via,configuracion_de_la_via_otro_tipo,pendiente_declive,cono_de_vision,material_de_la_calzada,material_de_la_calzada_otro,estado_de_la_calzada,estado_fisico_ambiental,estado_de_conservacion_otro,division_fisica_de_la_via,division_fisica_de_la_via_otro,barreras_de_seguridad,banquinas,senalizacion_carteleria,senalizacion_horizontal,senalizacion_transitoria,luminosidad,luz_artificial,transito_restringido,estado_ambiental,visibilidad,visibilidad_otro,semaforo
217499,2024-07-27,2:00:00,CORRIENTES,18,CAPITAL,21,CORRIENTES,Urbana,Calle,QUINQUELA MARTIN,743,GIMENEZ,LAFERRERE,,,2,0,0,2,0,Colisión entre vehículos,Colisión entre vehículos,,,Alcance,2,,Intersección / cruce,,,S/D,Asfalto,,Apto,Seca,,Ninguna,,Ninguna,,S/D,S/D,S/D,Noche,NO,,Despejado,,,Sin Semáforo
224937,2024-07-27,8:45:00,CORRIENTES,18,CAPITAL,21,CORRIENTES,Urbana,Calle,SAN LORENZO,800,9 DE julio,,,,2,1,0,2,0,Colisión entre vehículos,Colisión entre vehículos,,,Lateral,2,,Intersección / cruce,,,S/D,Asfalto,,Apto,Seca,,Ninguna,,Ninguna,,Si,Si,No,Día,,,Despejado,,,Funciona
231749,2024-07-27,22:40:00,CORRIENTES,18,CAPITAL,21,CORRIENTES,Urbana,Avenida,AV 3 DE ABRIL,1000,LA RIOJA,SAN JUAN,,,2,0,0,2,0,Colisión entre vehículos,Colisión entre vehículos,,,,2,,Mitad de la calle / avenida,,,,,,Apto,Seca,,Otro,,Asfalto,,Si,Si,No,Noche,NO,,Despejado,,,S/D
223345,2024-07-22,20:50:00,CORRIENTES,18,CAPITAL,21,CORRIENTES,Urbana,Avenida,AV LIBERTAD,5200,,,,,2,0,0,2,0,Colisión entre vehículos,Colisión entre vehículos,,,Alcance,2,,Intersección / cruce,,,S/D,Asfalto,,Apto,Seca,,Cantero central,,Ninguna,,Si,Si,S/D,Noche,NO,,,,,Sin Semáforo
233239,2024-07-19,22:24:00,CORRIENTES,18,CAPITAL,21,CORRIENTES,Urbana,Calle,GUEMES,1500,,,-2.747.819,-5.880.731,0,1,0,1,0,Caída desde vehículo,Caída desde vehículo,,,,1,,Intersección / cruce,,,S/D,Asfalto,,Apto,,,Ninguna,,S/D,,S/D,S/D,S/D,Noche,NO,,Despejado,,,S/D
232115,2024-07-17,22:00:00,CORRIENTES,18,CAPITAL,21,CORRIENTES,Urbana,Calle,9 DE julio,1700,ESPAÑA,,-2.746.705,-5.882.910,1,1,0,2,0,Colisión entre vehículos,Colisión entre vehículos,,,Angulo,2,,Intersección / cruce,,,No obstruido,Asfalto,,Apto,Seca,,Ninguna,,Ninguna,,Si,Si,No,Noche,NO,,Despejado,,,Sin Semáforo
230861,2024-07-10,19:48:00,CORRIENTES,18,CAPITAL,21,CORRIENTES,Urbana,Avenida,AV FERRE,2300,PERU,,-2.747.734,-5.882.246,0,1,0,1,0,Colisión entre vehículos,Colisión entre vehículos,,,,1,,Intersección / cruce,,,S/D,,,Apto,Seca,,Otro,,,,Si,Si,,Noche,NO,,Despejado,,,Sin Semáforo
224096,2024-07-09,12:15:00,CORRIENTES,18,CAPITAL,21,CORRIENTES,Urbana,Calle,ITUZAINGO,1000,HIPOLITO YRIGOYEN,,,,2,0,0,2,0,Colisión entre vehículos,Colisión entre vehículos,,,Lateral,2,,Intersección / cruce,,,S/D,Asfalto,,Apto,Seca,,Ninguna,,Ninguna,,Si,Si,No,Día,,,Despejado,,,Sin Semáforo
218235,2024-07-08,20:00:00,CORRIENTES,18,CAPITAL,21,CORRIENTES,Urbana,Avenida,AV CHACABUCO,1300,BELGRANO,,,,2,0,0,2,0,Colisión entre vehículos,Colisión entre vehículos,,,Lateral,2,,Intersección / cruce,,,S/D,Asfalto,,Apto,Seca,,Cantero central,,Ninguna,,Si,Si,No,Noche,NO,,Despejado,,,Sin Semáforo
231658,2024-07-08,15:20:00,CORRIENTES,18,CAPITAL,21,CORRIENTES,Urbana,Avenida,AV INDEPEMDENCIA,5400,DUMAS,,-2.748.431,-5.878.537,1,1,0,2,0,Colisión entre vehículos,Colisión entre vehículos,,,,2,,Intersección / cruce,,,S/D,Asfalto,,Apto,Seca,,Otro,,Asfalto,,Si,Si,No,Día,,,Despejado,,,Funciona
233571,2024-07-06,10:25:00,CORRIENTES,18,CAPITAL,21,CORRIENTES,Urbana,Avenida,AV. PUJOL,2200,PELLEGRINI,,-2.746.651,-5.882.274,2,0,0,2,0,Colisión entre vehículos,Colisión entre vehículos,,,Angulo,2,,Intersección / cruce,,,S/D,Asfalto,,Apto,,,Ninguna,,Asfalto,,Si,S/D,S/D,,,,Despejado,,,
220396,2024-07-04,8:30:00,CORRIENTES,18,CAPITAL,21,CORRIENTES,Urbana,Avenida,AV SARMIENTO,2000,TTE CORREA FERNANDEZ,,,,2,0,0,2,0,Colisión entre vehículos,Colisión entre vehículos,,,,2,,Intersección / cruce,,,S/D,Asfalto,,Apto,Seca,,Ninguna,,Ninguna,,Si,Si,No,Día,,,,,,No Funciona
232265,2024-07-02,8:35:00,CORRIENTES,18,CAPITAL,21,CORRIENTES,Urbana,Avenida,LAS HERAS,3100,RECONQUISTA,,-2.748.317,-5.881.414,2,0,0,2,0,Colisión entre vehículos,Colisión entre vehículos,,,Angulo,2,,Intersección / cruce,,,,Asfalto,,Apto,Seca,,,,,,,,,Día,,,Despejado,,,
224978,2024-07-01,19:38:00,CORRIENTES,18,CAPITAL,21,CORRIENTES,Urbana,Avenida,AV MAIPU,KM 8,,,,,2,0,0,2,0,Colisión entre vehículos,Colisión entre vehículos,,,Rozamiento,2,,Intersección / cruce,,,S/D,Asfalto,,Apto,Mojada,,S/D,,,,S/D,S/D,S/D,Noche,NO,,Lluvia,,,Sin Semáforo
230894,2024-06-29,11:00:00,CORRIENTES,18,CAPITAL,21,CORRIENTES,Urbana,Calle,CATAMARCA,600,25 DE mayo,,-2.746.462,-5.883.273,0,1,0,2,0,Colisión entre vehículos,Colisión entre vehículos,,,,2,,Intersección / cruce,,,No obstruido,Asfalto,,Apto,Seca,,Ninguna,,Asfalto,,Si,Si,,Día,,,Despejado,,,Sin Semáforo
232274,2024-06-29,12:25:00,CORRIENTES,18,CAPITAL,21,CORRIENTES,Urbana,Avenida,AV MAIPU,1559,,,-2.748.732,-5.882.231,1,1,0,2,0,Colisión entre vehículos,Colisión entre vehículos,,,Alcance,2,,Intersección / cruce,,,S/D,Asfalto,,Apto,Seca,,S/D,,Asfalto,,Si,S/D,S/D,Día,,,Despejado,,,S/D
228608,2024-06-29,22:37:00,CORRIENTES,18,CAPITAL,21,CORRIENTES,Urbana,Avenida,AV RAUL ALFONSIN,4600,CALLE SAENZ,,,,1,1,0,2,0,Colisión entre vehículos,Colisión entre vehículos,,,Alcance,2,,Intersección / cruce,,,S/D,Asfalto,,Apto,Mojada,,Cantero central,,Ninguna,,No,No,No,Noche,NO,,Lluvia,,,No Funciona
233620,2024-06-29,15:50:00,CORRIENTES,18,CAPITAL,21,CORRIENTES,Urbana,Calle,REPUBLICA DOMINICANA,1000,ESPARTA,,,,1,1,0,2,0,Colisión entre vehículos,Colisión entre vehículos,,,Lateral,2,,Intersección / cruce,,,S/D,Asfalto,,Apto,Seca,,Ninguna,,Ninguna,,S/D,S/D,No,Día,,,Despejado,,,Sin Semáforo
222694,2024-06-26,15:45:00,CORRIENTES,18,CAPITAL,21,CORRIENTES,Urbana,Avenida,AV PEDRO FERRE,3000,AV CHACABUCO,,,,1,1,0,2,0,Colisión entre vehículos,Colisión entre vehículos,,,Lateral,2,,Intersección / cruce,,,No obstruido,Asfalto,,Apto,Seca,,Cantero central,,Ninguna,,Si,Si,No,Día,,,Despejado,,,Funciona
234588,2024-06-24,10:00:00,CORRIENTES,18,CAPITAL,21,CORRIENTES,Urbana,Avenida,AV LA PRIDA,5300,AV ARMENIA,,-2.746.607,-5.878.698,2,0,0,2,0,Colisión entre vehículos,Colisión entre vehículos,,,Alcance,2,,Intersección / cruce,,,S/D,Asfalto,,Apto,Seca,,S/D,,Asfalto,,Si,S/D,S/D,Día,,,Despejado,,,Funciona
224941,2024-06-24,20:00:00,CORRIENTES,18,CAPITAL,21,CORRIENTES,Urbana,Calle,CARTAGENA,3126,,,,,2,1,0,2,0,Colisión entre vehículos,Colisión entre vehículos,,,Lateral,2,,Intersección / cruce,,,S/D,Asfalto,,Apto,Seca,,S/D,,Ninguna,,No,No,No,Noche,NO,,Despejado,,,Sin Semáforo
220402,2024-06-24,8:00:00,CORRIENTES,18,CAPITAL,21,CORRIENTES,Urbana,Avenida,AV ARMENIA,3000,,,,,2,1,0,3,0,Colisión entre vehículos,Colisión entre vehículos,,,,3,,Intersección / cruce,,,S/D,Asfalto,,Apto,Seca,,Otro,,Ninguna,,S/D,S/D,S/D,Día,,,,,,S/D
218237,2024-06-22,16:53:00,CORRIENTES,18,CAPITAL,21,CORRIENTES,Urbana,Calle,LISANDRO SEGOVIA,2600,COLON,,,,2,1,0,2,0,Colisión entre vehículos,Colisión entre vehículos,,,Lateral,2,,Intersección / cruce,,,S/D,Asfalto,,Apto,Seca,,Ninguna,,Ninguna,,S/D,S/D,S/D,Día,,,Despejado,,,Sin Semáforo
233386,2024-06-20,16:45:00,CORRIENTES,18,CAPITAL,21,CORRIENTES,Urbana,Avenida,AV INDEPENDENCIA,3000,AV CHACABUCO,,-2.747.866,-5.881.473,2,0,0,2,0,Colisión entre vehículos,Colisión entre vehículos,,,Angulo,2,,Intersección / cruce,,,S/D,Asfalto,,Apto,Seca,,Otro,,Asfalto,,S/D,S/D,S/D,Día,,,Despejado,,,Funciona
217475,2024-06-20,13:00:00,CORRIENTES,18,CAPITAL,21,CORRIENTES,Urbana,Avenida,AV RIO CHICO,5600,LOS TULIPANES,,,,2,0,0,2,0,Colisión entre vehículos,Colisión entre vehículos,,,,2,,Intersección / cruce,,,S/D,Asfalto,,Apto,Seca,,Ninguna,,Ninguna,,Si,No,No,Día,,,Despejado,,,Sin Semáforo
228606,2024-06-17,13:00:00,CORRIENTES,18,CAPITAL,21,CORRIENTES,Urbana,Avenida,AV INDEPENDENCIA,3400,AV CHACABUCO,,,,2,0,0,2,0,Colisión entre vehículos,Colisión entre vehículos,,,Alcance,2,,Intersección / cruce,,,No obstruido,Asfalto,,Apto,Mojada,,Cantero central,,Ninguna,,Si,Si,No,Día,,,Otro,,,Funciona
224975,2024-06-17,15:10:00,CORRIENTES,18,CAPITAL,21,CORRIENTES,Urbana,Avenida,AV 3 DE ABRIL,1400,CATAMARCA,,,,3,0,0,3,0,Colisión entre vehículos,Colisión entre vehículos,,,Multiple,3,,Intersección / cruce,,,S/D,Asfalto,,Apto,Seca,,Cantero central,,Ninguna,,Si,Si,No,Día,,,Despejado,,,Funciona
216589,2024-06-15,10:56:00,CORRIENTES,18,CAPITAL,21,CORRIENTES,Urbana,Calle,PLACIDO MARTINEZ,1056,,,,,1,1,0,2,0,Colisión entre vehículos,Colisión entre vehículos,,,Rozamiento,2,,Intersección / cruce,,,S/D,,,Apto,Seca,,Ninguna,,Ninguna,,Si,Si,No,Día,,,,,,Sin Semáforo
217515,2024-06-13,22:30:00,CORRIENTES,18,CAPITAL,21,CORRIENTES,Urbana,Calle,CATAMARCA,1000,BELGRANO,SAN MARTIN,,,3,0,0,2,0,Colisión entre vehículos,Colisión entre vehículos,,,Lateral,2,,Intersección / cruce,,,S/D,Asfalto,,Apto,Seca,,Ninguna,,Ninguna,,Si,Si,No,Noche,NO,,Despejado,,,Sin Semáforo
224098,2024-06-11,8:35:00,CORRIENTES,18,CAPITAL,21,CORRIENTES,Urbana,Avenida,AV 3 DE ABRIL,100,,,,,0,1,0,1,0,Choque,Choque,,,,1,,Intersección / cruce,,,S/D,Asfalto,,Apto,Seca,,Cantero central,,Ninguna,,S/D,S/D,S/D,Día,,,Despejado,,,Sin Semáforo
218238,2024-06-10,16:51:00,CORRIENTES,18,CAPITAL,21,CORRIENTES,Urbana,Avenida,AV SARMIENTO,2200,A.C. FERNANDEZ,,,,1,1,0,2,0,Colisión entre vehículos,Colisión entre vehículos,,,Lateral,2,,Intersección / cruce,,,No obstruido,Asfalto,,Apto,Seca,,Ninguna,,Ninguna,,Si,Si,No,Día,,,Despejado,,,
228607,2024-06-09,13:05:00,CORRIENTES,18,CAPITAL,21,CORRIENTES,Urbana,Calle,RAMON CARRILLO (EX VIA),1500,GUTENBERG,,,,1,1,0,2,0,Colisión entre vehículos,Colisión entre vehículos,,,Lateral,2,,Intersección / cruce,,,S/D,,,Apto,Mojada,,Ninguna,,Ninguna,,Si,Si,No,Día,,,S/D,,,Sin Semáforo
233378,2024-06-09,18:00:00,CORRIENTES,18,CAPITAL,21,CORRIENTES,Urbana,Avenida,AV MAIPU,4500,GUAYQUIRARO,,-2.751.372,-5.880.745,2,0,0,2,0,Colisión entre vehículos,Colisión entre vehículos,,,Alcance,2,,Intersección / cruce,,,S/D,Asfalto,,Apto,,,,,Asfalto,,S/D,S/D,,Día,,,,,,Funciona
217514,2024-06-08,13:50:00,CORRIENTES,18,CAPITAL,21,CORRIENTES,Urbana,Calle,BOLIVAR,1100,SAN LUIS,,,,1,1,0,2,0,Colisión entre vehículos,Colisión entre vehículos,,,Alcance,2,,Intersección / cruce,,,S/D,Asfalto,,Apto,Seca,,Ninguna,,Ninguna,,Si,S/D,S/D,Día,,,Despejado,,,Sin Semáforo
224092,2024-06-08,12:30:00,CORRIENTES,18,CAPITAL,21,CORRIENTES,Urbana,Calle,CUBA,5100,PABLO GROUSSAC,,,,1,1,0,2,0,Colisión entre vehículos,Colisión entre vehículos,,,Lateral,2,,Intersección / cruce,,,S/D,Asfalto,,Apto,Seca,,Ninguna,,Ninguna,,S/D,S/D,S/D,Día,,,Despejado,,,Sin Semáforo
220449,2024-06-08,13:45:00,CORRIENTES,18,CAPITAL,21,CORRIENTES,Urbana,Avenida,AV PUJOL,2100,ROTONDA PONCHO VERDE,,,,1,1,0,2,0,Colisión entre vehículos,Colisión entre vehículos,,,Rozamiento,2,,Intersección / cruce,,,S/D,Asfalto,,Apto,Seca,,Cantero central,,Ninguna,,Si,Si,No,Día,,,Despejado,,,Sin Semáforo
222693,2024-06-08,22:15:00,CORRIENTES,18,CAPITAL,21,CORRIENTES,Urbana,Avenida,AV ARMENIA,4600,QUINQUELA MARTIN,,,,1,1,0,2,0,Colisión entre vehículos,Colisión entre vehículos,,,Alcance,2,,Intersección / cruce,,,S/D,Asfalto,,Apto,Seca,,Cantero central,,Ninguna,,Si,Si,No,Noche,NO,,Despejado,,,Sin Semáforo
223341,2024-06-07,18:27:00,CORRIENTES,18,CAPITAL,21,CORRIENTES,Urbana,Calle,MEDRANO,2200,ZAPIOLA,CORCEGA,,,1,1,0,2,0,Colisión entre vehículos,Colisión entre vehículos,,,Rozamiento,2,,Intersección / cruce,,,No obstruido,Asfalto,,Apto,Seca,,Cantero central,,Ninguna,,Si,Si,No,Día,,,,,,Sin Semáforo
215403,2024-06-07,8:15:00,CORRIENTES,18,CAPITAL,21,CORRIENTES,Urbana,Avenida,AV PEDRO FERRÉ,2900,AV CHACABUCO,,,,2,0,0,2,0,Colisión entre vehículos,Colisión entre vehículos,,,Alcance,2,,Otro,C/ESQUINA,,,Asfalto,,Apto,Seca,,Cantero central,,Ninguna,,Si,Si,No,Día,,,Despejado,,,Funciona
230896,2024-06-02,13:20:00,CORRIENTES,18,CAPITAL,21,CORRIENTES,Urbana,Avenida,AV INDEPENDENCIA,3400,JUAN JOSE CASTELLI,,-2.747.923,-5.880.987,1,1,0,2,0,Colisión entre vehículos,Colisión entre vehículos,,,,2,,Intersección / cruce,,,,Asfalto,,Apto,Seca,,,,,,Si,Si,Si,Día,,,Despejado,,,Sin Semáforo
233611,2024-06-02,12:41:00,CORRIENTES,18,CAPITAL,21,CORRIENTES,Urbana,Avenida,AV ARMENIA,3100,AMADO BOMPLAND,,,,1,1,0,2,0,Colisión entre vehículos,Colisión entre vehículos,,,Frontal,2,,Intersección / cruce,,,S/D,Asfalto,,Apto,Seca,,Otro,,Ninguna,,S/D,S/D,S/D,Día,,,Despejado,,,S/D
217517,2024-06-01,20:08:00,CORRIENTES,18,CAPITAL,21,CORRIENTES,Urbana,Avenida,AV INDEPENDENCIA,5000,GODOY CRUZ,,,,2,0,0,2,0,Colisión entre vehículos,Colisión entre vehículos,,,Lateral,2,,Intersección / cruce,,,S/D,Asfalto,,Apto,Seca,,Cantero central,,Ninguna,,Si,Si,No,Noche,NO,,Despejado,,,Funciona
229676,2024-06-01,13:35:00,CORRIENTES,18,CAPITAL,21,CORRIENTES,Urbana,Calle,RAMON CARRILLO,1500,GOB VELAZCO,,,,2,0,0,2,0,Colisión entre vehículos,Colisión entre vehículos,,,Frontal,2,,Intersección / cruce,,,S/D,Asfalto,,Apto,Seca,,Ninguna,,Ninguna,,Si,Si,No,Día,,,Despejado,,,Sin Semáforo
216587,2024-06-01,13:40:00,CORRIENTES,18,CAPITAL,21,CORRIENTES,Urbana,Avenida,AV ARMENIA,800,,,,,1,1,0,2,0,Colisión entre vehículos,Colisión entre vehículos,,,Lateral,2,,Intersección / cruce,,,S/D,Asfalto,,Apto,Seca,,Otro,,Ninguna,,Si,Si,No,Día,,,Despejado,,,S/D
229675,2024-05-30,17:35:00,CORRIENTES,18,CAPITAL,21,CORRIENTES,Urbana,Calle,RECONQUISTA,3100,ALTE BROWN,,,,2,0,0,2,0,Colisión entre vehículos,Colisión entre vehículos,,,Lateral,2,,Intersección / cruce,,,S/D,Asfalto,,Apto,Seca,,Ninguna,,Ninguna,,S/D,S/D,S/D,Día,,,Despejado,,,Sin Semáforo
223342,2024-05-30,12:00:00,CORRIENTES,18,CAPITAL,21,CORRIENTES,Urbana,Avenida,AV 3 DE ABRIL,435,,,,,1,0,0,1,0,Choque,Choque,,,,1,,Fuera de calzada,,,,Asfalto,,Apto,Seca,,Cantero central,,Ninguna,,Si,Si,S/D,Día,,,Despejado,,,Funciona
220451,2024-05-30,10:00:00,CORRIENTES,18,CAPITAL,21,CORRIENTES,Urbana,Calle,URUGUAY,900,JUNIN,,,,2,0,0,2,0,Choque,Choque,,,Lateral,2,,Intersección / cruce,,,S/D,Asfalto,,Apto,Seca,,Ninguna,,Ninguna,,Si,Si,No,Día,,,Despejado,,,Sin Semáforo
232244,2024-05-28,21:40:00,CORRIENTES,18,CAPITAL,21,CORRIENTES,Urbana,Avenida,MAIPU,3800,GUAYQUIRARO,,-2.751.370,-5.880.736,2,0,0,2,0,Colisión entre vehículos,Colisión entre vehículos,,,Alcance,2,,Recta,,,,Asfalto,,Apto,,,,,,,S/D,S/D,S/D,Noche,,,S/D,,,
217484,2024-05-21,22:00:00,CORRIENTES,18,CAPITAL,21,CORRIENTES,Urbana,Avenida,AV PEDRO FERRE,2950,BANDA CENTRAL SUR,,,,2,0,0,2,0,Colisión entre vehículos,Colisión entre vehículos,,,Lateral,2,,Intersección / cruce,,,S/D,Asfalto,,Apto,Seca,,Cantero central,,Ninguna,,Si,Si,No,Noche,NO,,,,,Funciona
224095,2024-05-19,12:15:00,CORRIENTES,18,CAPITAL,21,CORRIENTES,Urbana,Calle,FRANCIA,1200,ESTADO DE ISRAEL,,,,2,0,0,2,0,Colisión entre vehículos,Colisión entre vehículos,,,Lateral,2,,Intersección / cruce,,,S/D,Asfalto,,Apto,Seca,,Ninguna,,Ninguna,,No,No,No,Día,,,Despejado,,,Sin Semáforo
217516,2024-05-19,7:05:00,CORRIENTES,18,CAPITAL,21,CORRIENTES,Urbana,Avenida,AV MAIPU,200,GRAL PAZ,,,,1,1,0,2,0,Colisión entre vehículos,Colisión entre vehículos,,,Alcance,2,,Intersección / cruce,,,S/D,Asfalto,,Apto,Seca,,Otro,,Ninguna,,Si,Si,No,Día,,,Despejado,,,Funciona
229164,2024-05-18,13:25:00,CORRIENTES,18,CAPITAL,21,CORRIENTES,Urbana,Avenida,AV ARTIGAS,1100,BOLIVAR,,,,1,1,0,2,0,Colisión entre vehículos,Colisión entre vehículos,,,Lateral,2,,Intersección / cruce,,,S/D,Asfalto,,Apto,Seca,,Ninguna,,Ninguna,,Si,Si,No,Día,,,Despejado,,,Sin Semáforo
233471,2024-05-18,7:10:00,CORRIENTES,18,CAPITAL,21,CORRIENTES,Urbana,Avenida,AV FERRE,1800,JUJUY,,-2.747.657,-5.882.877,2,1,0,2,0,Colisión entre vehículos,Colisión entre vehículos,,,Angulo,2,,Intersección / cruce,,,S/D,Asfalto,,Apto,,,Ninguna,,Asfalto,,Si,S/D,S/D,Noche,NO,,Nublado,,,Funciona
220441,2024-05-14,10:40:00,CORRIENTES,18,CAPITAL,21,CORRIENTES,Urbana,Calle,IBERÁ,1100,AV IV CENTENARIO,,,,1,1,0,2,0,Colisión entre vehículos,Colisión entre vehículos,,,,2,,Intersección / cruce,,,No obstruido,Asfalto,,Apto,Seca,,Ninguna,,Ninguna,,Si,No,No,Día,,,Despejado,,,Sin Semáforo
229163,2024-05-12,22:40:00,CORRIENTES,18,CAPITAL,21,CORRIENTES,Urbana,Calle,MARIANO MORENO,1353,CATAMARCA,CORDOBA,,,2,0,0,2,0,Colisión entre vehículos,Colisión entre vehículos,,,Alcance,2,,Mitad de la calle / avenida,,,,Asfalto,,Apto,Mojada,,Ninguna,,,,Si,Si,No,Noche,NO,,Lluvia,,,Funciona
233742,2024-05-12,8:40:00,CORRIENTES,18,CAPITAL,21,CORRIENTES,Urbana,Calle,BUENOS AIRES,1080,JUJUY E IRIGOYEN.,,-2.746.898,-5.884.063,0,1,0,1,0,Caída desde vehículo,Caída desde vehículo,,,,1,,Recta,,,,Asfalto,,Apto,S/D FisicoAmbiental,,Otro,,Asfalto,,Si,S/D,S/D,Día,,,Despejado,,,Sin Semáforo
233576,2024-05-11,12:05:00,CORRIENTES,18,CAPITAL,21,CORRIENTES,Urbana,Avenida,AV LIBERTAD,5200,LA PRIDA,,-2.746.608,-5.878.697,1,1,0,2,0,Colisión entre vehículos,Colisión entre vehículos,,,Frontal,2,,Intersección / cruce,,,S/D,Asfalto,,Apto,Seca,,S/D,,Asfalto,,Si,S/D,S/D,Día,,,Despejado,,,Funciona
231250,2024-05-11,8:00:00,CORRIENTES,18,CAPITAL,21,CORRIENTES,Urbana,Calle,SUIZA,3200,CORNELIO SAAVEDRA,,-2.747.596,-5.881.167,1,2,0,2,0,Colisión entre vehículos,Colisión entre vehículos,,,Angulo,2,,Otro,,,,Asfalto,,Apto,Seca,,Ninguna,,Asfalto,,Si,Si,,Día,,,Despejado,,,Sin Semáforo
217485,2024-05-11,19:40:00,CORRIENTES,18,CAPITAL,21,CORRIENTES,Urbana,Calle,HIPOLITO YRIGOYEN,1600,ESPAÑA,,,,2,0,0,2,0,Colisión entre vehículos,Colisión entre vehículos,,,Alcance,2,,Intersección / cruce,,,No obstruido,Asfalto,,Apto,Seca,,Ninguna,,Ninguna,,Si,Si,No,Día,,,Nublado,,,Funciona
233474,2024-05-11,10:10:00,CORRIENTES,18,CAPITAL,21,CORRIENTES,Urbana,Calle,MEXICO,600,FELIPE CABRAL,,-2.746.594,-5.881.413,1,1,0,2,0,Colisión entre vehículos,Colisión entre vehículos,,,Alcance,2,,Intersección / cruce,,,S/D,Asfalto,,Apto,,,Otro,,Asfalto,,Si,S/D,S/D,Día,,,Despejado,,,Sin Semáforo
220961,2024-05-11,15:00:00,CORRIENTES,18,CAPITAL,21,CORRIENTES,Urbana,Avenida,AV 3 DE ABRIL,1200,MENDOZA,,-2.747.562,-5.883.645,0,2,0,2,0,Colisión entre vehículos,Colisión entre vehículos,,,,2,,Intersección / cruce,,,S/D,Asfalto,,Apto,Seca,,Otro,,Asfalto,,Si,Si,,Día,,,Despejado,,,Funciona
233607,2024-05-11,8:45:00,CORRIENTES,18,CAPITAL,21,CORRIENTES,Urbana,Avenida,AV INDEPENDENCIA,4400,MEDRANO,,,,1,1,0,2,0,Colisión entre vehículos,Colisión entre vehículos,,,Lateral,2,,Intersección / cruce,,,S/D,Asfalto,,Apto,Seca,,Cantero central,,Ninguna,,Si,Si,No,Día,,,Despejado,,,Funciona
232105,2024-05-10,17:20:00,CORRIENTES,18,CAPITAL,21,CORRIENTES,Urbana,Avenida,Av. Independencia,3630,BANDA CENTRAL NORTE,,-2.747.955,-5.880.755,3,0,0,3,0,Otro,Otro,,,,3,,Otro,,,,Asfalto,,Apto,Seca,,S/D,,Asfalto,,Si,Si,Si,Día,,,Despejado,,,Funciona
228592,2024-05-09,7:50:00,CORRIENTES,18,CAPITAL,21,CORRIENTES,Urbana,Avenida,AV GOBERNADOR RUIZ,2700,COLOMBIA,,,,0,2,0,2,0,Colisión entre vehículos,Colisión entre vehículos,,,Rozamiento,2,,Intersección / cruce,,,S/D,Asfalto,,Apto,Seca,,Otro,,Ninguna,,Si,S/D,S/D,Día,,,Despejado,,,Sin Semáforo
229002,2024-05-07,17:18:00,CORRIENTES,18,CAPITAL,21,CORRIENTES,Urbana,Avenida,AV GDOR PUJOL,2.200,PELLEGRINI,,-2.746.649,-5.882.273,1,1,0,2,0,Colisión entre vehículos,Colisión entre vehículos,,,,2,,Intersección / cruce,,,S/D,,,Apto,Mojada,,,,Asfalto,,,,,Día,,,Lluvia,,,Sin Semáforo
222692,2024-05-02,12:30:00,CORRIENTES,18,CAPITAL,21,CORRIENTES,Urbana,Calle,ITUZAINGO,1100,BOLIVAR,,,,1,1,0,2,0,Colisión entre vehículos,Colisión entre vehículos,,,Lateral,2,,Intersección / cruce,,,S/D,Asfalto,,Apto,Seca,,Ninguna,,Ninguna,,Si,Si,No,Día,,,,,,Sin Semáforo
224093,2024-04-27,13:15:00,CORRIENTES,18,CAPITAL,21,CORRIENTES,Urbana,Calle,LAVALLE,700,GOB CASTILLO,,,,1,1,0,2,0,Colisión entre vehículos,Colisión entre vehículos,,,Lateral,2,,Intersección / cruce,,,S/D,Asfalto,,Apto,Seca,,Ninguna,,Ninguna,,Si,Si,No,Día,,,Despejado,,,Sin Semáforo
220447,2024-04-08,7:30:00,CORRIENTES,18,CAPITAL,21,CORRIENTES,Urbana,Calle,MEDRANO,2600,PITAGORAS,,,,2,1,0,2,0,Colisión entre vehículos,Colisión entre vehículos,,,Lateral,2,,Intersección / cruce,,,S/D,Asfalto,,Apto,Seca,,Ninguna,,Ninguna,,No,No,No,Día,,,Despejado,,,Sin Semáforo
217481,2024-04-07,20:30:00,CORRIENTES,18,CAPITAL,21,CORRIENTES,Urbana,Calle,ZARAGOZA,200,,,,,1,1,0,2,0,Colisión entre vehículos,Colisión entre vehículos,,,Lateral,2,,Intersección / cruce,,,S/D,Asfalto,,Apto,Seca,,Ninguna,,Ninguna,,S/D,S/D,S/D,Noche,NO,,Despejado,,,S/D
217502,2024-04-06,11:00:00,CORRIENTES,18,CAPITAL,21,CORRIENTES,Urbana,Calle,GUTENBERG,2400,TTE CUNDOM,,,,1,1,0,1,1,Atropello a peatón/es,Atropello a peatón/es,,,,2,,Mitad de la calle / avenida,,,,Asfalto,,Apto,Seca,,Ninguna,,Ninguna,,Si,Si,No,Día,,,Despejado,,,Sin Semáforo